方向,板块排名,板块代码,板块名称,板块涨跌幅,板块主力净流入,排序口径,股票排名,股票代码,股票名称,现价,涨跌幅,成交额
净流入,1,BK1207,计算机,1.50%,+24.01亿,成交额,1,000938,紫光股份,39.08元,+9.99%,86.89亿
净流入,1,BK1207,计算机,1.50%,+24.01亿,成交额,2,000977,浪潮信息,86.33元,+1.92%,74.30亿
净流入,1,BK1207,计算机,1.50%,+24.01亿,成交额,3,603019,中科曙光,99.42元,+2.75%,48.41亿
净流入,1,BK1207,计算机,1.50%,+24.01亿,涨幅,1,000938,紫光股份,39.08元,+9.99%,86.89亿
净流入,1,BK1207,计算机,1.50%,+24.01亿,涨幅,2,600602,云赛智联,18.26元,+10.00%,4.80亿
净流入,1,BK1207,计算机,1.50%,+24.01亿,涨幅,3,603496,恒为科技,25.08元,+10.00%,3.32亿
净流入,1,BK1207,计算机,1.50%,+24.01亿,涨幅,4,920305,云创退,1.56元,+30.00%,0.13亿
净流入,1,BK1207,计算机,1.50%,+24.01亿,涨幅,5,300231,银信科技,9.94元,+9.47%,5.02亿
净流入,2,BK1340,印制电路板,1.21%,+21.90亿,成交额,1,002384,东山精密,268.05元,+2.12%,177.03亿
净流入,2,BK1340,印制电路板,1.21%,+21.90亿,成交额,2,002463,沪电股份,138.49元,+0.92%,61.66亿
净流入,2,BK1340,印制电路板,1.21%,+21.90亿,成交额,3,600183,生益科技,149.54元,-1.90%,59.06亿
净流入,2,BK1340,印制电路板,1.21%,+21.90亿,涨幅,1,603186,华正新材,190.33元,+10.00%,17.23亿
净流入,2,BK1340,印制电路板,1.21%,+21.90亿,涨幅,2,603228,景旺电子,72.14元,+10.00%,16.24亿
净流入,2,BK1340,印制电路板,1.21%,+21.90亿,涨幅,3,002141,贤丰控股,6.17元,+9.98%,8.73亿
净流入,2,BK1340,印制电路板,1.21%,+21.90亿,涨幅,4,301176,逸豪新材,58.20元,+20.00%,4.76亿
净流入,2,BK1340,印制电路板,1.21%,+21.90亿,涨幅,5,920821,则成电子,21.10元,+7.22%,1.33亿
净流入,3,BK0459,元件,0.58%,+17.83亿,成交额,1,002384,东山精密,268.50元,+2.29%,177.03亿
净流入,3,BK0459,元件,0.58%,+17.83亿,成交额,2,002463,沪电股份,138.50元,+0.93%,61.70亿
净流入,3,BK0459,元件,0.58%,+17.83亿,成交额,3,600183,生益科技,149.68元,-1.80%,59.06亿
净流入,3,BK0459,元件,0.58%,+17.83亿,涨幅,1,603186,华正新材,190.33元,+10.00%,17.23亿
净流入,3,BK0459,元件,0.58%,+17.83亿,涨幅,2,603228,景旺电子,72.14元,+10.00%,16.24亿
净流入,3,BK0459,元件,0.58%,+17.83亿,涨幅,3,002141,贤丰控股,6.17元,+9.98%,8.73亿
净流入,3,BK0459,元件,0.58%,+17.83亿,涨幅,4,603989,艾华集团,38.46元,+10.01%,3.99亿
净流入,3,BK0459,元件,0.58%,+17.83亿,涨幅,5,301176,逸豪新材,58.20元,+20.00%,4.76亿
净流入,4,BK1444,IT服务Ⅲ,1.77%,+15.44亿,成交额,1,000938,紫光股份,39.08元,+9.99%,86.90亿
净流入,4,BK1444,IT服务Ⅲ,1.77%,+15.44亿,成交额,2,000034,神州数码,27.43元,+6.52%,16.80亿
净流入,4,BK1444,IT服务Ⅲ,1.77%,+15.44亿,成交额,3,300017,网宿科技,14.37元,+0.14%,12.17亿
净流入,4,BK1444,IT服务Ⅲ,1.77%,+15.44亿,涨幅,1,000938,紫光股份,39.08元,+9.99%,86.91亿
净流入,4,BK1444,IT服务Ⅲ,1.77%,+15.44亿,涨幅,2,920305,云创退,1.56元,+30.00%,0.13亿
净流入,4,BK1444,IT服务Ⅲ,1.77%,+15.44亿,涨幅,3,300231,银信科技,9.94元,+9.47%,5.02亿
净流入,4,BK1444,IT服务Ⅲ,1.77%,+15.44亿,涨幅,4,300496,中科创达,58.24元,+8.23%,10.46亿
净流入,4,BK1444,IT服务Ⅲ,1.77%,+15.44亿,涨幅,5,920227,美登科技,51.31元,+6.94%,0.28亿
净流入,5,BK1238,IT服务Ⅱ,1.77%,+15.44亿,成交额,1,000938,紫光股份,39.08元,+9.99%,86.91亿
净流入,5,BK1238,IT服务Ⅱ,1.77%,+15.44亿,成交额,2,000034,神州数码,27.41元,+6.45%,16.80亿
净流入,5,BK1238,IT服务Ⅱ,1.77%,+15.44亿,成交额,3,300017,网宿科技,14.36元,+0.07%,12.17亿
净流入,5,BK1238,IT服务Ⅱ,1.77%,+15.44亿,涨幅,1,000938,紫光股份,39.08元,+9.99%,86.91亿
净流入,5,BK1238,IT服务Ⅱ,1.77%,+15.44亿,涨幅,2,920305,云创退,1.56元,+30.00%,0.13亿
净流入,5,BK1238,IT服务Ⅱ,1.77%,+15.44亿,涨幅,3,300231,银信科技,9.95元,+9.58%,5.02亿
净流入,5,BK1238,IT服务Ⅱ,1.77%,+15.44亿,涨幅,4,300496,中科创达,58.24元,+8.23%,10.46亿
净流入,5,BK1238,IT服务Ⅱ,1.77%,+15.44亿,涨幅,5,920227,美登科技,51.31元,+6.94%,0.28亿
净流入,6,BK1037,消费电子,2.32%,+14.83亿,成交额,1,002475,立讯精密,63.07元,+4.30%,50.91亿
净流入,6,BK1037,消费电子,2.32%,+14.83亿,成交额,2,000021,深科技,45.55元,-3.62%,39.35亿
净流入,6,BK1037,消费电子,2.32%,+14.83亿,成交额,3,601138,工业富联,64.11元,+0.77%,32.47亿
净流入,6,BK1037,消费电子,2.32%,+14.83亿,涨幅,1,600203,福日电子,11.92元,+9.96%,5.46亿
净流入,6,BK1037,消费电子,2.32%,+14.83亿,涨幅,2,002045,国光电器,8.34元,+10.03%,2.34亿
净流入,6,BK1037,消费电子,2.32%,+14.83亿,涨幅,3,603327,福蓉科技,8.57元,+10.01%,1.55亿
净流入,6,BK1037,消费电子,2.32%,+14.83亿,涨幅,4,920701,豪声电子,13.52元,+30.00%,0.99亿
净流入,6,BK1037,消费电子,2.32%,+14.83亿,涨幅,5,300968,格林精密,10.24元,+20.05%,1.51亿
净流入,7,BK1338,消费电子零部件及组装,2.17%,+13.30亿,成交额,1,002475,立讯精密,63.07元,+4.30%,50.91亿
净流入,7,BK1338,消费电子零部件及组装,2.17%,+13.30亿,成交额,2,000021,深科技,45.55元,-3.62%,39.35亿
净流入,7,BK1338,消费电子零部件及组装,2.17%,+13.30亿,成交额,3,601138,工业富联,64.10元,+0.75%,32.48亿
净流入,7,BK1338,消费电子零部件及组装,2.17%,+13.30亿,涨幅,1,600203,福日电子,11.92元,+9.96%,5.46亿
净流入,7,BK1338,消费电子零部件及组装,2.17%,+13.30亿,涨幅,2,603327,福蓉科技,8.57元,+10.01%,1.55亿
净流入,7,BK1338,消费电子零部件及组装,2.17%,+13.30亿,涨幅,3,920701,豪声电子,13.52元,+30.00%,0.99亿
净流入,7,BK1338,消费电子零部件及组装,2.17%,+13.30亿,涨幅,4,300968,格林精密,10.24元,+20.05%,1.51亿
净流入,7,BK1338,消费电子零部件及组装,2.17%,+13.30亿,涨幅,5,920876,慧为智能,18.09元,+13.56%,0.49亿
净流入,8,BK0486,传媒,2.40%,+8.37亿,成交额,1,002558,巨人网络,30.79元,+4.16%,35.07亿
净流入,8,BK0486,传媒,2.40%,+8.37亿,成交额,2,300418,昆仑万维,49.07元,+6.42%,29.48亿
净流入,8,BK0486,传媒,2.40%,+8.37亿,成交额,3,300058,蓝色光标,13.29元,+4.81%,26.49亿
净流入,8,BK0486,传媒,2.40%,+8.37亿,涨幅,1,002739,儒意电影,10.32元,+10.02%,7.98亿
净流入,8,BK0486,传媒,2.40%,+8.37亿,涨幅,2,000676,智度股份,6.22元,+10.09%,4.61亿
净流入,8,BK0486,传媒,2.40%,+8.37亿,涨幅,3,000892,欢瑞世纪,3.87元,+9.94%,2.68亿
净流入,8,BK0486,传媒,2.40%,+8.37亿,涨幅,4,300805,电声股份,8.67元,+17.80%,2.84亿
净流入,8,BK0486,传媒,2.40%,+8.37亿,涨幅,5,601595,上海电影,17.60元,+6.60%,1.72亿
净流入,9,BK1211,汽车,1.16%,+8.15亿,成交额,1,002594,比亚迪,93.36元,+1.74%,20.22亿
净流入,9,BK1211,汽车,1.16%,+8.15亿,成交额,2,002536,飞龙股份,55.26元,-1.14%,14.16亿
净流入,9,BK1211,汽车,1.16%,+8.15亿,成交额,3,002472,双环传动,42.44元,+0.12%,10.87亿
净流入,9,BK1211,汽车,1.16%,+8.15亿,涨幅,1,603950,长源东谷,69.44元,+10.00%,5.10亿
净流入,9,BK1211,汽车,1.16%,+8.15亿,涨幅,2,001365,天海电子,43.25元,+9.99%,4.13亿
净流入,9,BK1211,汽车,1.16%,+8.15亿,涨幅,3,603178,圣龙股份,15.74元,+9.99%,1.89亿
净流入,9,BK1211,汽车,1.16%,+8.15亿,涨幅,4,603949,雪龙集团,14.71元,+6.90%,2.38亿
净流入,9,BK1211,汽车,1.16%,+8.15亿,涨幅,5,600418,江淮汽车,23.96元,+6.49%,10.35亿
净流入,10,BK0735,计算机设备,1.61%,+6.69亿,成交额,1,000977,浪潮信息,86.38元,+1.98%,74.38亿
净流入,10,BK0735,计算机设备,1.61%,+6.69亿,成交额,2,603019,中科曙光,99.47元,+2.80%,48.49亿
净流入,10,BK0735,计算机设备,1.61%,+6.69亿,成交额,3,301666,大普微-UW,544.93元,+5.81%,19.34亿
净流入,10,BK0735,计算机设备,1.61%,+6.69亿,涨幅,1,603496,恒为科技,25.08元,+10.00%,3.34亿
净流入,10,BK0735,计算机设备,1.61%,+6.69亿,涨幅,2,301589,诺瓦星云,146.08元,+7.66%,0.92亿
净流入,10,BK0735,计算机设备,1.61%,+6.69亿,涨幅,3,688619,罗普特,14.19元,+7.26%,0.42亿
净流入,10,BK0735,计算机设备,1.61%,+6.69亿,涨幅,4,920090,*ST同辉,3.61元,+7.12%,0.17亿
净流入,10,BK0735,计算机设备,1.61%,+6.69亿,涨幅,5,688208,道通科技,26.36元,+6.42%,3.37亿
净流入,11,BK1446,其他计算机设备,1.92%,+6.56亿,成交额,1,000977,浪潮信息,86.38元,+1.98%,74.38亿
净流入,11,BK1446,其他计算机设备,1.92%,+6.56亿,成交额,2,603019,中科曙光,99.49元,+2.82%,48.50亿
净流入,11,BK1446,其他计算机设备,1.92%,+6.56亿,成交额,3,301666,大普微-UW,544.94元,+5.81%,19.35亿
净流入,11,BK1446,其他计算机设备,1.92%,+6.56亿,涨幅,1,603496,恒为科技,25.08元,+10.00%,3.34亿
净流入,11,BK1446,其他计算机设备,1.92%,+6.56亿,涨幅,2,301589,诺瓦星云,146.08元,+7.66%,0.92亿
净流入,11,BK1446,其他计算机设备,1.92%,+6.56亿,涨幅,3,920090,*ST同辉,3.61元,+7.12%,0.17亿
净流入,11,BK1446,其他计算机设备,1.92%,+6.56亿,涨幅,4,688208,道通科技,26.36元,+6.42%,3.37亿
净流入,11,BK1446,其他计算机设备,1.92%,+6.56亿,涨幅,5,301666,大普微-UW,544.94元,+5.81%,19.35亿
净流入,12,BK1615,铜,2.08%,+5.55亿,成交额,1,601899,紫金矿业,29.50元,+2.32%,38.56亿
净流入,12,BK1615,铜,2.08%,+5.55亿,成交额,2,603993,洛阳钼业,18.33元,+2.35%,25.70亿
净流入,12,BK1615,铜,2.08%,+5.55亿,成交额,3,601168,西部矿业,34.40元,+3.68%,11.54亿
净流入,12,BK1615,铜,2.08%,+5.55亿,涨幅,1,600490,鹏欣资源,6.26元,+6.46%,1.80亿
净流入,12,BK1615,铜,2.08%,+5.55亿,涨幅,2,603979,金诚信,68.07元,+5.50%,4.31亿
净流入,12,BK1615,铜,2.08%,+5.55亿,涨幅,3,601168,西部矿业,34.40元,+3.68%,11.54亿
净流入,12,BK1615,铜,2.08%,+5.55亿,涨幅,4,601212,白银有色,4.82元,+2.77%,2.89亿
净流入,12,BK1615,铜,2.08%,+5.55亿,涨幅,5,002295,精艺股份,8.48元,+2.42%,0.12亿
净流入,13,BK0481,汽车零部件,1.13%,+5.45亿,成交额,1,002536,飞龙股份,55.37元,-0.95%,14.16亿
净流入,13,BK0481,汽车零部件,1.13%,+5.45亿,成交额,2,002472,双环传动,42.40元,+0.02%,10.88亿
净流入,13,BK0481,汽车零部件,1.13%,+5.45亿,成交额,3,601689,拓普集团,55.01元,+0.94%,8.60亿
净流入,13,BK0481,汽车零部件,1.13%,+5.45亿,涨幅,1,603950,长源东谷,69.44元,+10.00%,5.10亿
净流入,13,BK0481,汽车零部件,1.13%,+5.45亿,涨幅,2,001365,天海电子,43.25元,+9.99%,4.13亿
净流入,13,BK0481,汽车零部件,1.13%,+5.45亿,涨幅,3,603178,圣龙股份,15.74元,+9.99%,1.89亿
净流入,13,BK0481,汽车零部件,1.13%,+5.45亿,涨幅,4,603949,雪龙集团,14.71元,+6.90%,2.38亿
净流入,13,BK0481,汽车零部件,1.13%,+5.45亿,涨幅,5,301221,光庭信息,28.15元,+4.88%,0.33亿
净流入,14,BK1220,广告营销,3.32%,+5.00亿,成交额,1,300058,蓝色光标,13.33元,+5.13%,26.59亿
净流入,14,BK1220,广告营销,3.32%,+5.00亿,成交额,2,002354,天娱数科,7.99元,+3.90%,16.70亿
净流入,14,BK1220,广告营销,3.32%,+5.00亿,成交额,3,301171,易点天下,29.72元,+3.48%,6.54亿
净流入,14,BK1220,广告营销,3.32%,+5.00亿,涨幅,1,000676,智度股份,6.22元,+10.09%,4.61亿
净流入,14,BK1220,广告营销,3.32%,+5.00亿,涨幅,2,300805,电声股份,8.67元,+17.80%,2.84亿
净流入,14,BK1220,广告营销,3.32%,+5.00亿,涨幅,3,300058,蓝色光标,13.32元,+5.05%,26.60亿
净流入,14,BK1220,广告营销,3.32%,+5.00亿,涨幅,4,300071,福石控股,4.66元,+4.48%,6.08亿
净流入,14,BK1220,广告营销,3.32%,+5.00亿,涨幅,5,301102,兆讯传媒,9.48元,+4.41%,0.18亿
净流入,15,BK1293,营销代理,3.35%,+4.90亿,成交额,1,300058,蓝色光标,13.32元,+5.05%,26.60亿
净流入,15,BK1293,营销代理,3.35%,+4.90亿,成交额,2,002354,天娱数科,7.99元,+3.90%,16.70亿
净流入,15,BK1293,营销代理,3.35%,+4.90亿,成交额,3,301171,易点天下,29.74元,+3.55%,6.54亿
净流入,15,BK1293,营销代理,3.35%,+4.90亿,涨幅,1,000676,智度股份,6.22元,+10.09%,4.61亿
净流入,15,BK1293,营销代理,3.35%,+4.90亿,涨幅,2,300805,电声股份,8.67元,+17.80%,2.84亿
净流入,15,BK1293,营销代理,3.35%,+4.90亿,涨幅,3,300058,蓝色光标,13.35元,+5.28%,26.60亿
净流入,15,BK1293,营销代理,3.35%,+4.90亿,涨幅,4,300071,福石控股,4.66元,+4.48%,6.08亿
净流入,15,BK1293,营销代理,3.35%,+4.90亿,涨幅,5,002354,天娱数科,8.00元,+4.03%,16.70亿
净流入,16,BK1329,集成电路制造,-0.10%,+4.80亿,成交额,1,688981,中芯国际,157.11元,+2.26%,76.40亿
净流入,16,BK1329,集成电路制造,-0.10%,+4.80亿,成交额,2,688347,华虹宏力,340.34元,+2.69%,46.98亿
净流入,16,BK1329,集成电路制造,-0.10%,+4.80亿,成交额,3,688820,盛合晶微,168.36元,-0.96%,14.29亿
净流入,16,BK1329,集成电路制造,-0.10%,+4.80亿,涨幅,1,688347,华虹宏力,340.34元,+2.69%,46.98亿
净流入,16,BK1329,集成电路制造,-0.10%,+4.80亿,涨幅,2,688981,中芯国际,157.14元,+2.28%,76.41亿
净流入,16,BK1329,集成电路制造,-0.10%,+4.80亿,涨幅,3,688249,晶合集成,50.68元,+0.68%,8.64亿
净流入,16,BK1329,集成电路制造,-0.10%,+4.80亿,涨幅,4,300456,赛微电子,34.13元,+0.00%,4.53亿
净流入,16,BK1329,集成电路制造,-0.10%,+4.80亿,涨幅,5,688691,灿芯股份,96.41元,-0.08%,3.23亿
净流入,17,BK1593,通信终端及配件,0.98%,+3.72亿,成交额,1,603083,剑桥科技,205.78元,-1.11%,22.27亿
净流入,17,BK1593,通信终端及配件,0.98%,+3.72亿,成交额,2,300638,广和通,20.66元,+13.64%,8.38亿
净流入,17,BK1593,通信终端及配件,0.98%,+3.72亿,成交额,3,603236,移远通信,53.76元,+5.97%,5.65亿
净流入,17,BK1593,通信终端及配件,0.98%,+3.72亿,涨幅,1,002881,美格智能,39.05元,+10.00%,3.82亿
净流入,17,BK1593,通信终端及配件,0.98%,+3.72亿,涨幅,2,300638,广和通,20.66元,+13.64%,8.38亿
净流入,17,BK1593,通信终端及配件,0.98%,+3.72亿,涨幅,3,920249,利尔达,9.45元,+6.30%,0.68亿
净流入,17,BK1593,通信终端及配件,0.98%,+3.72亿,涨幅,4,603236,移远通信,53.77元,+5.99%,5.65亿
净流入,17,BK1593,通信终端及配件,0.98%,+3.72亿,涨幅,5,003040,楚天龙,10.40元,+2.87%,0.54亿
净流入,18,BK1202,房地产,1.11%,+3.49亿,成交额,1,600246,万通发展,19.78元,+10.01%,10.32亿
净流入,18,BK1202,房地产,1.11%,+3.49亿,成交额,2,002208,合肥城建,15.35元,-9.23%,8.42亿
净流入,18,BK1202,房地产,1.11%,+3.49亿,成交额,3,000620,盈新发展,3.15元,+0.32%,6.43亿
净流入,18,BK1202,房地产,1.11%,+3.49亿,涨幅,1,600246,万通发展,19.78元,+10.01%,10.32亿
净流入,18,BK1202,房地产,1.11%,+3.49亿,涨幅,2,600463,空港股份,8.33元,+6.25%,0.36亿
净流入,18,BK1202,房地产,1.11%,+3.49亿,涨幅,3,000608,阳光股份,7.02元,+4.93%,1.97亿
净流入,18,BK1202,房地产,1.11%,+3.49亿,涨幅,4,600716,凤凰股份,3.54元,+4.12%,0.18亿
净流入,18,BK1202,房地产,1.11%,+3.49亿,涨幅,5,600604,市北高新,4.37元,+4.05%,0.91亿
净流入,19,BK0451,房地产开发,1.17%,+3.47亿,成交额,1,600246,万通发展,19.78元,+10.01%,10.32亿
净流入,19,BK0451,房地产开发,1.17%,+3.47亿,成交额,2,002208,合肥城建,15.33元,-9.34%,8.42亿
净流入,19,BK0451,房地产开发,1.17%,+3.47亿,成交额,3,000620,盈新发展,3.16元,+0.64%,6.43亿
净流入,19,BK0451,房地产开发,1.17%,+3.47亿,涨幅,1,600246,万通发展,19.78元,+10.01%,10.32亿
净流入,19,BK0451,房地产开发,1.17%,+3.47亿,涨幅,2,600463,空港股份,8.33元,+6.25%,0.36亿
净流入,19,BK0451,房地产开发,1.17%,+3.47亿,涨幅,3,000608,阳光股份,7.02元,+4.93%,1.97亿
净流入,19,BK0451,房地产开发,1.17%,+3.47亿,涨幅,4,600716,凤凰股份,3.54元,+4.12%,0.18亿
净流入,19,BK0451,房地产开发,1.17%,+3.47亿,涨幅,5,600604,市北高新,4.37元,+4.05%,0.91亿
净流入,20,BK0545,通用设备,0.10%,+3.41亿,成交额,1,300567,精测电子,278.62元,-6.22%,28.12亿
净流入,20,BK0545,通用设备,0.10%,+3.41亿,成交额,2,688627,精智达,596.95元,-0.34%,15.60亿
净流入,20,BK0545,通用设备,0.10%,+3.41亿,成交额,3,688333,铂力特,114.00元,-1.89%,12.34亿
净流入,20,BK0545,通用设备,0.10%,+3.41亿,涨幅,1,002760,凤形股份,17.97元,+9.98%,1.05亿
净流入,20,BK0545,通用设备,0.10%,+3.41亿,涨幅,2,920117,N龙鑫,38.00元,+113.12%,4.75亿
净流入,20,BK0545,通用设备,0.10%,+3.41亿,涨幅,3,301448,开创电气,43.31元,+8.30%,0.95亿
净流入,20,BK0545,通用设备,0.10%,+3.41亿,涨幅,4,300112,万讯自控,6.69元,+7.38%,1.18亿
净流入,20,BK0545,通用设备,0.10%,+3.41亿,涨幅,5,920510,丰光精密,30.32元,+7.14%,2.74亿
净流入,21,BK1222,影视院线,3.84%,+3.19亿,成交额,1,300251,光线传媒,13.15元,+6.13%,13.76亿
净流入,21,BK1222,影视院线,3.84%,+3.19亿,成交额,2,002739,儒意电影,10.32元,+10.02%,7.98亿
净流入,21,BK1222,影视院线,3.84%,+3.19亿,成交额,3,300528,幸福蓝海,16.97元,-0.12%,4.71亿
净流入,21,BK1222,影视院线,3.84%,+3.19亿,涨幅,1,002739,儒意电影,10.32元,+10.02%,7.98亿
净流入,21,BK1222,影视院线,3.84%,+3.19亿,涨幅,2,000892,欢瑞世纪,3.87元,+9.94%,2.68亿
净流入,21,BK1222,影视院线,3.84%,+3.19亿,涨幅,3,601595,上海电影,17.64元,+6.84%,1.73亿
净流入,21,BK1222,影视院线,3.84%,+3.19亿,涨幅,4,300251,光线传媒,13.15元,+6.13%,13.76亿
净流入,21,BK1222,影视院线,3.84%,+3.19亿,涨幅,5,000802,北京文化,3.87元,+4.59%,0.88亿
净流入,22,BK0436,纺织服饰,1.25%,+3.19亿,成交额,1,002083,孚日股份,10.65元,+10.02%,4.68亿
净流入,22,BK0436,纺织服饰,1.25%,+3.19亿,成交额,2,605189,富春染织,15.96元,+2.05%,4.16亿
净流入,22,BK0436,纺织服饰,1.25%,+3.19亿,成交额,3,002674,兴业科技,26.28元,-8.46%,4.09亿
净流入,22,BK0436,纺织服饰,1.25%,+3.19亿,涨幅,1,002083,孚日股份,10.65元,+10.02%,4.69亿
净流入,22,BK0436,纺织服饰,1.25%,+3.19亿,涨幅,2,300591,万里马,7.37元,+20.03%,2.83亿
净流入,22,BK0436,纺织服饰,1.25%,+3.19亿,涨幅,3,301177,迪阿股份,22.36元,+4.29%,0.28亿
净流入,22,BK0436,纺织服饰,1.25%,+3.19亿,涨幅,4,300840,酷特智能,19.01元,+4.11%,0.98亿
净流入,22,BK0436,纺织服饰,1.25%,+3.19亿,涨幅,5,301066,万事利,11.95元,+3.91%,0.25亿
净流入,23,BK1221,数字媒体,2.00%,+3.10亿,成交额,1,300418,昆仑万维,49.08元,+6.44%,29.68亿
净流入,23,BK1221,数字媒体,2.00%,+3.10亿,成交额,2,300364,中文在线,23.53元,+2.89%,5.04亿
净流入,23,BK1221,数字媒体,2.00%,+3.10亿,成交额,3,603466,风语筑,12.07元,+1.09%,4.37亿
净流入,23,BK1221,数字媒体,2.00%,+3.10亿,涨幅,1,300418,昆仑万维,49.08元,+6.44%,29.68亿
净流入,23,BK1221,数字媒体,2.00%,+3.10亿,涨幅,2,603533,掌阅科技,19.31元,+3.76%,2.14亿
净流入,23,BK1221,数字媒体,2.00%,+3.10亿,涨幅,3,300987,川网传媒,13.06元,+3.49%,0.34亿
净流入,23,BK1221,数字媒体,2.00%,+3.10亿,涨幅,4,300785,值得买,36.01元,+3.48%,1.81亿
净流入,23,BK1221,数字媒体,2.00%,+3.10亿,涨幅,5,002095,生 意 宝,13.63元,+2.95%,0.28亿
净流入,24,BK1526,底盘与发动机系统,1.13%,+2.90亿,成交额,1,002536,飞龙股份,55.34元,-1.00%,14.18亿
净流入,24,BK1526,底盘与发动机系统,1.13%,+2.90亿,成交额,2,002472,双环传动,42.38元,-0.02%,10.90亿
净流入,24,BK1526,底盘与发动机系统,1.13%,+2.90亿,成交额,3,601689,拓普集团,55.02元,+0.95%,8.62亿
净流入,24,BK1526,底盘与发动机系统,1.13%,+2.90亿,涨幅,1,603950,长源东谷,69.44元,+10.00%,5.10亿
净流入,24,BK1526,底盘与发动机系统,1.13%,+2.90亿,涨幅,2,603178,圣龙股份,15.74元,+9.99%,1.89亿
净流入,24,BK1526,底盘与发动机系统,1.13%,+2.90亿,涨幅,3,603949,雪龙集团,14.72元,+6.98%,2.39亿
净流入,24,BK1526,底盘与发动机系统,1.13%,+2.90亿,涨幅,4,002708,光洋股份,10.94元,+4.19%,1.65亿
净流入,24,BK1526,底盘与发动机系统,1.13%,+2.90亿,涨幅,5,300733,西菱动力,12.25元,+3.90%,0.74亿
净流入,25,BK1346,住宅开发,1.10%,+2.64亿,成交额,1,600246,万通发展,19.78元,+10.01%,10.32亿
净流入,25,BK1346,住宅开发,1.10%,+2.64亿,成交额,2,002208,合肥城建,15.32元,-9.40%,8.42亿
净流入,25,BK1346,住宅开发,1.10%,+2.64亿,成交额,3,000620,盈新发展,3.16元,+0.64%,6.43亿
净流入,25,BK1346,住宅开发,1.10%,+2.64亿,涨幅,1,600246,万通发展,19.78元,+10.01%,10.32亿
净流入,25,BK1346,住宅开发,1.10%,+2.64亿,涨幅,2,600716,凤凰股份,3.54元,+4.12%,0.18亿
净流入,25,BK1346,住宅开发,1.10%,+2.64亿,涨幅,3,000014,沙河股份,9.44元,+3.85%,0.54亿
净流入,25,BK1346,住宅开发,1.10%,+2.64亿,涨幅,4,600376,首开股份,3.42元,+3.64%,1.55亿
净流入,25,BK1346,住宅开发,1.10%,+2.64亿,涨幅,5,600638,新黄浦,4.70元,+3.07%,0.37亿
净流入,26,BK1287,工业金属,0.74%,+2.46亿,成交额,1,601899,紫金矿业,29.48元,+2.25%,38.85亿
净流入,26,BK1287,工业金属,0.74%,+2.46亿,成交额,2,603993,洛阳钼业,18.35元,+2.46%,25.76亿
净流入,26,BK1287,工业金属,0.74%,+2.46亿,成交额,3,000807,云铝股份,25.83元,-1.03%,16.46亿
净流入,26,BK1287,工业金属,0.74%,+2.46亿,涨幅,1,600490,鹏欣资源,6.25元,+6.29%,1.81亿
净流入,26,BK1287,工业金属,0.74%,+2.46亿,涨幅,2,603979,金诚信,68.05元,+5.47%,4.37亿
净流入,26,BK1287,工业金属,0.74%,+2.46亿,涨幅,3,601020,华钰矿业,19.72元,+4.78%,2.81亿
净流入,26,BK1287,工业金属,0.74%,+2.46亿,涨幅,4,601168,西部矿业,34.35元,+3.53%,11.59亿
净流入,26,BK1287,工业金属,0.74%,+2.46亿,涨幅,5,601212,白银有色,4.82元,+2.77%,2.90亿
净流入,27,BK1398,其他通用设备,0.41%,+2.27亿,成交额,1,688333,铂力特,113.79元,-2.07%,12.35亿
净流入,27,BK1398,其他通用设备,0.41%,+2.27亿,成交额,2,603757,大元泵业,79.52元,+3.27%,8.11亿
净流入,27,BK1398,其他通用设备,0.41%,+2.27亿,成交额,3,300503,昊志机电,82.47元,-1.68%,7.28亿
净流入,27,BK1398,其他通用设备,0.41%,+2.27亿,涨幅,1,920117,N龙鑫,38.01元,+113.18%,4.75亿
净流入,27,BK1398,其他通用设备,0.41%,+2.27亿,涨幅,2,301448,开创电气,43.31元,+8.30%,0.95亿
净流入,27,BK1398,其他通用设备,0.41%,+2.27亿,涨幅,3,688448,磁谷科技,55.61元,+3.98%,1.23亿
净流入,27,BK1398,其他通用设备,0.41%,+2.27亿,涨幅,4,603757,大元泵业,79.52元,+3.27%,8.11亿
净流入,27,BK1398,其他通用设备,0.41%,+2.27亿,涨幅,5,603109,神驰机电,17.10元,+3.26%,0.22亿
净流入,28,BK1294,门户网站,2.10%,+2.17亿,成交额,1,300418,昆仑万维,48.94元,+6.14%,29.72亿
净流入,28,BK1294,门户网站,2.10%,+2.17亿,成交额,2,300785,值得买,35.94元,+3.28%,1.81亿
净流入,28,BK1294,门户网站,2.10%,+2.17亿,成交额,3,603000,人民网,16.03元,+1.33%,1.40亿
净流入,28,BK1294,门户网站,2.10%,+2.17亿,涨幅,1,300418,昆仑万维,48.94元,+6.14%,29.72亿
净流入,28,BK1294,门户网站,2.10%,+2.17亿,涨幅,2,300987,川网传媒,13.06元,+3.49%,0.34亿
净流入,28,BK1294,门户网站,2.10%,+2.17亿,涨幅,3,300785,值得买,35.94元,+3.28%,1.81亿
净流入,28,BK1294,门户网站,2.10%,+2.17亿,涨幅,4,002095,生 意 宝,13.62元,+2.87%,0.28亿
净流入,28,BK1294,门户网站,2.10%,+2.17亿,涨幅,5,301299,卓创资讯,43.14元,+1.91%,0.15亿
净流入,29,BK1529,汽车电子电气系统,1.38%,+2.05亿,成交额,1,301310,鑫宏业,63.72元,-5.42%,5.20亿
净流入,29,BK1529,汽车电子电气系统,1.38%,+2.05亿,成交额,2,001365,天海电子,43.25元,+9.99%,4.14亿
净流入,29,BK1529,汽车电子电气系统,1.38%,+2.05亿,成交额,3,603179,新泉股份,45.71元,+1.47%,3.81亿
净流入,29,BK1529,汽车电子电气系统,1.38%,+2.05亿,涨幅,1,001365,天海电子,43.25元,+9.99%,4.14亿
净流入,29,BK1529,汽车电子电气系统,1.38%,+2.05亿,涨幅,2,301221,光庭信息,28.19元,+5.03%,0.33亿
净流入,29,BK1529,汽车电子电气系统,1.38%,+2.05亿,涨幅,3,605333,沪光股份,16.80元,+4.48%,0.31亿
净流入,29,BK1529,汽车电子电气系统,1.38%,+2.05亿,涨幅,4,688667,菱电电控,105.11元,+4.08%,0.79亿
净流入,29,BK1529,汽车电子电气系统,1.38%,+2.05亿,涨幅,5,603376,大明电子,24.97元,+3.10%,0.17亿
净流入,30,BK0458,仪器仪表,-0.22%,+1.95亿,成交额,1,300567,精测电子,278.01元,-6.43%,28.19亿
净流入,30,BK0458,仪器仪表,-0.22%,+1.95亿,成交额,2,688627,精智达,595.99元,-0.50%,15.63亿
净流入,30,BK0458,仪器仪表,-0.22%,+1.95亿,成交额,3,688808,联讯仪器,2034.99元,-1.55%,10.49亿
净流入,30,BK0458,仪器仪表,-0.22%,+1.95亿,涨幅,1,300112,万讯自控,6.66元,+6.90%,1.18亿
净流入,30,BK0458,仪器仪表,-0.22%,+1.95亿,涨幅,2,002175,*ST东智,2.67元,+2.69%,0.35亿
净流入,30,BK0458,仪器仪表,-0.22%,+1.95亿,涨幅,3,920651,天罡股份,18.50元,+2.49%,0.02亿
净流入,30,BK0458,仪器仪表,-0.22%,+1.95亿,涨幅,4,301006,迈拓股份,12.88元,+2.47%,0.12亿
净流入,30,BK0458,仪器仪表,-0.22%,+1.95亿,涨幅,5,002819,东方中科,20.10元,+2.24%,0.21亿
净流出,1,BK1036,半导体,-1.86%,-69.74亿,成交额,1,603986,兆易创新,529.30元,-7.43%,147.18亿
净流出,1,BK1036,半导体,-1.86%,-69.74亿,成交额,2,002156,通富微电,76.58元,-2.71%,107.24亿
净流出,1,BK1036,半导体,-1.86%,-69.74亿,成交额,3,600584,长电科技,86.30元,-6.66%,91.06亿
净流出,1,BK1036,半导体,-1.86%,-69.74亿,涨幅,1,603893,瑞芯微,231.55元,+10.00%,32.15亿
净流出,1,BK1036,半导体,-1.86%,-69.74亿,涨幅,2,688798,艾为电子,68.71元,+8.29%,4.12亿
净流出,1,BK1036,半导体,-1.86%,-69.74亿,涨幅,3,688702,盛科通信-U,378.01元,+7.24%,29.99亿
净流出,1,BK1036,半导体,-1.86%,-69.74亿,涨幅,4,688593,新相微,31.66元,+7.00%,3.84亿
净流出,1,BK1036,半导体,-1.86%,-69.74亿,涨幅,5,688608,恒玄科技,127.58元,+5.01%,9.48亿
净流出,2,BK1201,电子,-0.46%,-61.87亿,成交额,1,002384,东山精密,267.52元,+1.92%,178.41亿
净流出,2,BK1201,电子,-0.46%,-61.87亿,成交额,2,603986,兆易创新,529.30元,-7.43%,147.18亿
净流出,2,BK1201,电子,-0.46%,-61.87亿,成交额,3,002156,通富微电,76.58元,-2.71%,107.24亿
净流出,2,BK1201,电子,-0.46%,-61.87亿,涨幅,1,603893,瑞芯微,231.55元,+10.00%,32.15亿
净流出,2,BK1201,电子,-0.46%,-61.87亿,涨幅,2,603186,华正新材,190.33元,+10.00%,17.27亿
净流出,2,BK1201,电子,-0.46%,-61.87亿,涨幅,3,603228,景旺电子,72.14元,+10.00%,16.27亿
净流出,2,BK1201,电子,-0.46%,-61.87亿,涨幅,4,002141,贤丰控股,6.17元,+9.98%,8.73亿
净流出,2,BK1201,电子,-0.46%,-61.87亿,涨幅,5,600203,福日电子,11.92元,+9.96%,5.46亿
净流出,3,BK0448,通信设备,-0.26%,-28.34亿,成交额,1,300308,中际旭创,1135.02元,-2.93%,128.88亿
净流出,3,BK0448,通信设备,-0.26%,-28.34亿,成交额,2,300502,新易盛,545.80元,-1.83%,96.61亿
净流出,3,BK0448,通信设备,-0.26%,-28.34亿,成交额,3,000063,中兴通讯,40.66元,+3.07%,82.70亿
净流出,3,BK0448,通信设备,-0.26%,-28.34亿,涨幅,1,002881,美格智能,39.05元,+10.00%,3.82亿
净流出,3,BK0448,通信设备,-0.26%,-28.34亿,涨幅,2,300638,广和通,20.63元,+13.48%,8.39亿
净流出,3,BK0448,通信设备,-0.26%,-28.34亿,涨幅,3,920249,利尔达,9.44元,+6.19%,0.68亿
净流出,3,BK0448,通信设备,-0.26%,-28.34亿,涨幅,4,603236,移远通信,53.51元,+5.48%,5.68亿
净流出,3,BK0448,通信设备,-0.26%,-28.34亿,涨幅,5,920374,云里物里,14.88元,+4.13%,0.14亿
净流出,4,BK1215,通信,0.25%,-27.51亿,成交额,1,300308,中际旭创,1135.51元,-2.89%,128.93亿
净流出,4,BK1215,通信,0.25%,-27.51亿,成交额,2,300502,新易盛,545.80元,-1.83%,96.62亿
净流出,4,BK1215,通信,0.25%,-27.51亿,成交额,3,000063,中兴通讯,40.62元,+2.97%,82.73亿
净流出,4,BK1215,通信,0.25%,-27.51亿,涨幅,1,002881,美格智能,39.05元,+10.00%,3.82亿
净流出,4,BK1215,通信,0.25%,-27.51亿,涨幅,2,300638,广和通,20.63元,+13.48%,8.39亿
净流出,4,BK1215,通信,0.25%,-27.51亿,涨幅,3,920249,利尔达,9.43元,+6.07%,0.68亿
净流出,4,BK1215,通信,0.25%,-27.51亿,涨幅,4,603881,数据港,25.48元,+5.95%,9.51亿
净流出,4,BK1215,通信,0.25%,-27.51亿,涨幅,5,603236,移远通信,53.61元,+5.68%,5.68亿
净流出,5,BK1203,非银金融,-0.84%,-26.47亿,成交额,1,300059,东方财富,19.87元,-1.34%,23.47亿
净流出,5,BK1203,非银金融,-0.84%,-26.47亿,成交额,2,601318,中国平安,50.79元,-0.31%,19.67亿
净流出,5,BK1203,非银金融,-0.84%,-26.47亿,成交额,3,600030,中信证券,28.10元,-1.75%,19.57亿
净流出,5,BK1203,非银金融,-0.84%,-26.47亿,涨幅,1,603300,海南华铁,4.56元,+2.70%,1.07亿
净流出,5,BK1203,非银金融,-0.84%,-26.47亿,涨幅,2,603123,翠微股份,8.07元,+1.64%,0.50亿
净流出,5,BK1203,非银金融,-0.84%,-26.47亿,涨幅,3,000750,国海证券,3.86元,+1.31%,1.85亿
净流出,5,BK1203,非银金融,-0.84%,-26.47亿,涨幅,4,000532,华金资本,10.54元,+1.05%,0.24亿
净流出,5,BK1203,非银金融,-0.84%,-26.47亿,涨幅,5,600318,新力金融,6.15元,+0.99%,0.32亿
净流出,6,BK1331,数字芯片设计,-0.63%,-21.50亿,成交额,1,603986,兆易创新,529.00元,-7.48%,147.40亿
净流出,6,BK1331,数字芯片设计,-0.63%,-21.50亿,成交额,2,688008,澜起科技,231.88元,-8.23%,89.56亿
净流出,6,BK1331,数字芯片设计,-0.63%,-21.50亿,成交额,3,688256,寒武纪,1327.76元,-1.46%,67.80亿
净流出,6,BK1331,数字芯片设计,-0.63%,-21.50亿,涨幅,1,603893,瑞芯微,231.55元,+10.00%,32.16亿
净流出,6,BK1331,数字芯片设计,-0.63%,-21.50亿,涨幅,2,688702,盛科通信-U,378.55元,+7.39%,30.00亿
净流出,6,BK1331,数字芯片设计,-0.63%,-21.50亿,涨幅,3,688593,新相微,31.66元,+7.00%,3.85亿
净流出,6,BK1331,数字芯片设计,-0.63%,-21.50亿,涨幅,4,688608,恒玄科技,127.58元,+5.01%,9.48亿
净流出,6,BK1331,数字芯片设计,-0.63%,-21.50亿,涨幅,5,688018,乐鑫科技,121.87元,+4.24%,9.32亿
净流出,7,BK1326,半导体设备,-2.85%,-21.27亿,成交额,1,688012,中微公司,376.90元,-3.68%,46.31亿
净流出,7,BK1326,半导体设备,-2.85%,-21.27亿,成交额,2,002371,北方华创,729.26元,-1.80%,39.34亿
净流出,7,BK1326,半导体设备,-2.85%,-21.27亿,成交额,3,300604,长川科技,298.50元,-1.95%,36.71亿
净流出,7,BK1326,半导体设备,-2.85%,-21.27亿,涨幅,1,301629,矽电股份,334.80元,+4.30%,2.25亿
净流出,7,BK1326,半导体设备,-2.85%,-21.27亿,涨幅,2,301583,C托伦斯,139.01元,-0.47%,10.24亿
净流出,7,BK1326,半导体设备,-2.85%,-21.27亿,涨幅,3,688147,微导纳米,124.63元,-0.99%,4.02亿
净流出,7,BK1326,半导体设备,-2.85%,-21.27亿,涨幅,4,603690,至纯科技,27.74元,-1.21%,3.67亿
净流出,7,BK1326,半导体设备,-2.85%,-21.27亿,涨幅,5,002371,北方华创,729.26元,-1.80%,39.34亿
净流出,8,BK1591,通信网络设备及器件,-0.87%,-21.05亿,成交额,1,300308,中际旭创,1136.19元,-2.83%,129.11亿
净流出,8,BK1591,通信网络设备及器件,-0.87%,-21.05亿,成交额,2,300502,新易盛,546.00元,-1.80%,96.69亿
净流出,8,BK1591,通信网络设备及器件,-0.87%,-21.05亿,成交额,3,000063,中兴通讯,40.60元,+2.92%,82.78亿
净流出,8,BK1591,通信网络设备及器件,-0.87%,-21.05亿,涨幅,1,301165,锐捷网络,104.55元,+3.82%,16.60亿
净流出,8,BK1591,通信网络设备及器件,-0.87%,-21.05亿,涨幅,2,000063,中兴通讯,40.60元,+2.92%,82.80亿
净流出,8,BK1591,通信网络设备及器件,-0.87%,-21.05亿,涨幅,3,300134,大富科技,7.92元,+2.06%,0.55亿
净流出,8,BK1591,通信网络设备及器件,-0.87%,-21.05亿,涨幅,4,300698,万马科技,25.48元,+1.80%,0.31亿
净流出,8,BK1591,通信网络设备及器件,-0.87%,-21.05亿,涨幅,5,300098,高新兴,4.42元,+1.61%,0.72亿
净流出,9,BK1216,医药生物,1.38%,-20.33亿,成交额,1,603259,药明康德,131.31元,-0.14%,56.07亿
净流出,9,BK1216,医药生物,1.38%,-20.33亿,成交额,2,603127,昭衍新药,55.68元,+10.00%,44.43亿
净流出,9,BK1216,医药生物,1.38%,-20.33亿,成交额,3,600276,恒瑞医药,57.15元,-0.61%,37.15亿
净流出,9,BK1216,医药生物,1.38%,-20.33亿,涨幅,1,603127,昭衍新药,55.68元,+10.00%,44.43亿
净流出,9,BK1216,医药生物,1.38%,-20.33亿,涨幅,2,600664,哈药股份,4.94元,+10.02%,14.12亿
净流出,9,BK1216,医药生物,1.38%,-20.33亿,涨幅,3,002173,创新医疗,17.44元,+10.03%,6.89亿
净流出,9,BK1216,医药生物,1.38%,-20.33亿,涨幅,4,002365,永安药业,13.18元,+10.02%,3.10亿
净流出,9,BK1216,医药生物,1.38%,-20.33亿,涨幅,5,000504,南华生物,9.36元,+9.99%,2.54亿
净流出,10,BK0473,证券Ⅱ,-1.14%,-20.12亿,成交额,1,300059,东方财富,19.88元,-1.29%,23.49亿
净流出,10,BK0473,证券Ⅱ,-1.14%,-20.12亿,成交额,2,600030,中信证券,28.10元,-1.75%,19.59亿
净流出,10,BK0473,证券Ⅱ,-1.14%,-20.12亿,成交额,3,600909,华安证券,8.71元,-8.32%,13.15亿
净流出,10,BK0473,证券Ⅱ,-1.14%,-20.12亿,涨幅,1,000750,国海证券,3.86元,+1.31%,1.85亿
净流出,10,BK0473,证券Ⅱ,-1.14%,-20.12亿,涨幅,2,000712,锦龙股份,8.41元,+0.48%,0.56亿
净流出,10,BK0473,证券Ⅱ,-1.14%,-20.12亿,涨幅,3,002926,华西证券,8.54元,+0.12%,0.78亿
净流出,10,BK0473,证券Ⅱ,-1.14%,-20.12亿,涨幅,4,600095,湘财股份,7.80元,-0.13%,1.05亿
净流出,10,BK0473,证券Ⅱ,-1.14%,-20.12亿,涨幅,5,600918,中泰证券,5.70元,-0.18%,1.56亿
净流出,11,BK1366,证券Ⅲ,-1.14%,-20.12亿,成交额,1,300059,东方财富,19.87元,-1.34%,23.50亿
净流出,11,BK1366,证券Ⅲ,-1.14%,-20.12亿,成交额,2,600030,中信证券,28.10元,-1.75%,19.59亿
净流出,11,BK1366,证券Ⅲ,-1.14%,-20.12亿,成交额,3,600909,华安证券,8.71元,-8.32%,13.15亿
净流出,11,BK1366,证券Ⅲ,-1.14%,-20.12亿,涨幅,1,000750,国海证券,3.86元,+1.31%,1.85亿
净流出,11,BK1366,证券Ⅲ,-1.14%,-20.12亿,涨幅,2,000712,锦龙股份,8.42元,+0.60%,0.56亿
净流出,11,BK1366,证券Ⅲ,-1.14%,-20.12亿,涨幅,3,002926,华西证券,8.54元,+0.12%,0.78亿
净流出,11,BK1366,证券Ⅲ,-1.14%,-20.12亿,涨幅,4,600095,湘财股份,7.81元,+0.00%,1.05亿
净流出,11,BK1366,证券Ⅲ,-1.14%,-20.12亿,涨幅,5,600918,中泰证券,5.70元,-0.18%,1.56亿
净流出,12,BK1325,半导体材料,-3.22%,-17.02亿,成交额,1,300666,江丰电子,251.61元,-10.82%,42.71亿
净流出,12,BK1325,半导体材料,-3.22%,-17.02亿,成交额,2,002409,雅克科技,162.38元,-5.21%,21.64亿
净流出,12,BK1325,半导体材料,-3.22%,-17.02亿,成交额,3,688126,沪硅产业,30.60元,-1.42%,18.60亿
净流出,12,BK1325,半导体材料,-3.22%,-17.02亿,涨幅,1,603991,领先股份,154.23元,+4.03%,6.97亿
净流出,12,BK1325,半导体材料,-3.22%,-17.02亿,涨幅,2,688401,路维光电,74.34元,-0.36%,2.87亿
净流出,12,BK1325,半导体材料,-3.22%,-17.02亿,涨幅,3,920181,赛英电子,76.71元,-0.66%,0.19亿
净流出,12,BK1325,半导体材料,-3.22%,-17.02亿,涨幅,4,688146,中船特气,248.45元,-0.76%,14.94亿
净流出,12,BK1325,半导体材料,-3.22%,-17.02亿,涨幅,5,688783,西安奕材-U,44.61元,-0.95%,4.16亿
净流出,13,BK1200,电力设备,0.41%,-15.76亿,成交额,1,300750,宁德时代,373.64元,+0.17%,40.36亿
净流出,13,BK1200,电力设备,0.41%,-15.76亿,成交额,2,002851,麦格米特,153.40元,-9.03%,38.43亿
净流出,13,BK1200,电力设备,0.41%,-15.76亿,成交额,3,300274,阳光电源,111.41元,+2.26%,30.57亿
净流出,13,BK1200,电力设备,0.41%,-15.76亿,涨幅,1,002980,华盛昌,112.35元,+10.00%,11.08亿
净流出,13,BK1200,电力设备,0.41%,-15.76亿,涨幅,2,002350,北京科锐,16.06元,+10.00%,4.01亿
净流出,13,BK1200,电力设备,0.41%,-15.76亿,涨幅,3,688353,华盛锂电,90.20元,+6.97%,5.23亿
净流出,13,BK1200,电力设备,0.41%,-15.76亿,涨幅,4,603489,八方股份,27.55元,+5.68%,1.17亿
净流出,13,BK1200,电力设备,0.41%,-15.76亿,涨幅,5,688597,煜邦电力,6.96元,+5.14%,0.31亿
净流出,14,BK1039,电子化学品Ⅱ,-2.69%,-13.03亿,成交额,1,300285,国瓷材料,65.86元,-2.99%,18.26亿
净流出,14,BK1039,电子化学品Ⅱ,-2.69%,-13.03亿,成交额,2,300054,鼎龙股份,75.54元,-3.05%,13.89亿
净流出,14,BK1039,电子化学品Ⅱ,-2.69%,-13.03亿,成交额,3,300346,南大光电,64.18元,-3.76%,13.72亿
净流出,14,BK1039,电子化学品Ⅱ,-2.69%,-13.03亿,涨幅,1,300684,中石科技,69.77元,+2.92%,10.08亿
净流出,14,BK1039,电子化学品Ⅱ,-2.69%,-13.03亿,涨幅,2,603435,嘉德利,48.74元,+2.65%,0.93亿
净流出,14,BK1039,电子化学品Ⅱ,-2.69%,-13.03亿,涨幅,3,688150,莱特光电,50.41元,+1.49%,1.79亿
净流出,14,BK1039,电子化学品Ⅱ,-2.69%,-13.03亿,涨幅,4,603002,宏昌电子,18.14元,-0.17%,5.94亿
净流出,14,BK1039,电子化学品Ⅱ,-2.69%,-13.03亿,涨幅,5,002584,西陇科学,8.20元,-0.36%,1.62亿
净流出,15,BK1332,电子化学品Ⅲ,-2.69%,-13.03亿,成交额,1,300285,国瓷材料,65.87元,-2.98%,18.26亿
净流出,15,BK1332,电子化学品Ⅲ,-2.69%,-13.03亿,成交额,2,300054,鼎龙股份,75.60元,-2.98%,13.90亿
净流出,15,BK1332,电子化学品Ⅲ,-2.69%,-13.03亿,成交额,3,300346,南大光电,64.16元,-3.79%,13.72亿
净流出,15,BK1332,电子化学品Ⅲ,-2.69%,-13.03亿,涨幅,1,300684,中石科技,69.62元,+2.70%,10.08亿
净流出,15,BK1332,电子化学品Ⅲ,-2.69%,-13.03亿,涨幅,2,603435,嘉德利,48.72元,+2.61%,0.93亿
净流出,15,BK1332,电子化学品Ⅲ,-2.69%,-13.03亿,涨幅,3,688150,莱特光电,50.41元,+1.49%,1.79亿
净流出,15,BK1332,电子化学品Ⅲ,-2.69%,-13.03亿,涨幅,4,603002,宏昌电子,18.13元,-0.22%,5.94亿
净流出,15,BK1332,电子化学品Ⅲ,-2.69%,-13.03亿,涨幅,5,002584,西陇科学,8.20元,-0.36%,1.62亿
净流出,16,BK1594,化学制剂,1.04%,-11.28亿,成交额,1,600276,恒瑞医药,57.15元,-0.61%,37.32亿
净流出,16,BK1594,化学制剂,1.04%,-11.28亿,成交额,2,300255,常山药业,30.47元,+6.17%,15.74亿
净流出,16,BK1594,化学制剂,1.04%,-11.28亿,成交额,3,002422,科伦药业,49.78元,+1.45%,14.89亿
净流出,16,BK1594,化学制剂,1.04%,-11.28亿,涨幅,1,600664,哈药股份,4.94元,+10.02%,14.12亿
净流出,16,BK1594,化学制剂,1.04%,-11.28亿,涨幅,2,688302,海创药业-U,43.88元,+11.12%,1.54亿
净流出,16,BK1594,化学制剂,1.04%,-11.28亿,涨幅,3,000566,海南海药,5.53元,+7.38%,12.51亿
净流出,16,BK1594,化学制剂,1.04%,-11.28亿,涨幅,4,688266,泽璟制药-U,142.15元,+7.10%,10.05亿
净流出,16,BK1594,化学制剂,1.04%,-11.28亿,涨幅,5,300255,常山药业,30.47元,+6.17%,15.74亿
净流出,17,BK1592,通信线缆及配套,-1.82%,-11.04亿,成交额,1,600487,亨通光电,67.66元,-4.77%,61.38亿
净流出,17,BK1592,通信线缆及配套,-1.82%,-11.04亿,成交额,2,601869,长飞光纤,402.75元,-5.34%,39.63亿
净流出,17,BK1592,通信线缆及配套,-1.82%,-11.04亿,成交额,3,600522,中天科技,39.35元,-3.32%,33.00亿
净流出,17,BK1592,通信线缆及配套,-1.82%,-11.04亿,涨幅,1,300563,神宇股份,24.34元,+0.95%,0.43亿
净流出,17,BK1592,通信线缆及配套,-1.82%,-11.04亿,涨幅,2,000586,汇源通信,11.77元,+0.60%,0.28亿
净流出,17,BK1592,通信线缆及配套,-1.82%,-11.04亿,涨幅,3,603042,华脉科技,11.98元,+0.50%,1.19亿
净流出,17,BK1592,通信线缆及配套,-1.82%,-11.04亿,涨幅,4,300913,兆龙互连,36.81元,+0.49%,0.94亿
净流出,17,BK1592,通信线缆及配套,-1.82%,-11.04亿,涨幅,5,000070,特发信息,15.31元,-1.86%,3.55亿
净流出,18,BK0465,化学制药,1.24%,-10.17亿,成交额,1,600276,恒瑞医药,57.10元,-0.70%,37.37亿
净流出,18,BK0465,化学制药,1.24%,-10.17亿,成交额,2,603538,美诺华,41.80元,+7.18%,26.82亿
净流出,18,BK0465,化学制药,1.24%,-10.17亿,成交额,3,300255,常山药业,30.53元,+6.38%,15.78亿
净流出,18,BK0465,化学制药,1.24%,-10.17亿,涨幅,1,600664,哈药股份,4.94元,+10.02%,14.12亿
净流出,18,BK0465,化学制药,1.24%,-10.17亿,涨幅,2,002365,永安药业,13.18元,+10.02%,3.10亿
净流出,18,BK0465,化学制药,1.24%,-10.17亿,涨幅,3,688166,博瑞医药,40.01元,+12.90%,11.59亿
净流出,18,BK0465,化学制药,1.24%,-10.17亿,涨幅,4,688302,海创药业-U,43.88元,+11.12%,1.54亿
净流出,18,BK0465,化学制药,1.24%,-10.17亿,涨幅,5,300497,富祥股份,19.07元,+7.56%,8.28亿
净流出,19,BK1205,机械设备,0.26%,-10.16亿,成交额,1,000988,华工科技,135.40元,-6.76%,50.43亿
净流出,19,BK1205,机械设备,0.26%,-10.16亿,成交额,2,002747,埃斯顿,42.46元,+3.81%,30.03亿
净流出,19,BK1205,机械设备,0.26%,-10.16亿,成交额,3,300567,精测电子,278.78元,-6.17%,28.29亿
净流出,19,BK1205,机械设备,0.26%,-10.16亿,涨幅,1,002760,凤形股份,17.97元,+9.98%,1.05亿
净流出,19,BK1205,机械设备,0.26%,-10.16亿,涨幅,2,920117,N龙鑫,37.88元,+112.45%,4.77亿
净流出,19,BK1205,机械设备,0.26%,-10.16亿,涨幅,3,688255,凯尔达,26.44元,+10.40%,1.98亿
净流出,19,BK1205,机械设备,0.26%,-10.16亿,涨幅,4,301448,开创电气,43.47元,+8.70%,0.96亿
净流出,19,BK1205,机械设备,0.26%,-10.16亿,涨幅,5,300083,创世纪,12.47元,+7.50%,12.38亿
净流出,20,BK1328,集成电路封测,-4.05%,-9.12亿,成交额,1,002156,通富微电,76.89元,-2.31%,107.71亿
净流出,20,BK1328,集成电路封测,-4.05%,-9.12亿,成交额,2,600584,长电科技,85.92元,-7.07%,91.63亿
净流出,20,BK1328,集成电路封测,-4.05%,-9.12亿,成交额,3,002185,华天科技,20.81元,-9.95%,77.20亿
净流出,20,BK1328,集成电路封测,-4.05%,-9.12亿,涨幅,1,920139,华岭股份,15.67元,+0.06%,0.25亿
净流出,20,BK1328,集成电路封测,-4.05%,-9.12亿,涨幅,2,603005,晶方科技,36.25元,-2.03%,8.63亿
净流出,20,BK1328,集成电路封测,-4.05%,-9.12亿,涨幅,3,002156,通富微电,76.89元,-2.31%,107.71亿
净流出,20,BK1328,集成电路封测,-4.05%,-9.12亿,涨幅,4,688362,甬矽电子,83.34元,-2.64%,12.04亿
净流出,20,BK1328,集成电路封测,-4.05%,-9.12亿,涨幅,5,688372,伟测科技,143.88元,-2.84%,7.16亿
净流出,21,BK1206,基础化工,0.02%,-8.70亿,成交额,1,002407,多氟多,33.27元,-1.80%,13.89亿
净流出,21,BK1206,基础化工,0.02%,-8.70亿,成交额,2,601208,东材科技,50.58元,-1.77%,12.28亿
净流出,21,BK1206,基础化工,0.02%,-8.70亿,成交额,3,600378,昊华科技,50.04元,-3.82%,10.25亿
净流出,21,BK1206,基础化工,0.02%,-8.70亿,涨幅,1,000920,沃顿科技,14.15元,+10.03%,2.11亿
净流出,21,BK1206,基础化工,0.02%,-8.70亿,涨幅,2,603407,长裕集团,65.64元,+10.01%,1.71亿
净流出,21,BK1206,基础化工,0.02%,-8.70亿,涨幅,3,002632,道明光学,9.63元,+10.06%,1.16亿
净流出,21,BK1206,基础化工,0.02%,-8.70亿,涨幅,4,603580,艾艾精工,40.84元,+9.99%,0.05亿
净流出,21,BK1206,基础化工,0.02%,-8.70亿,涨幅,5,300587,天铁科技,4.04元,+13.80%,1.77亿
净流出,22,BK1237,自动化设备,0.06%,-8.57亿,成交额,1,000988,华工科技,135.30元,-6.82%,50.46亿
净流出,22,BK1237,自动化设备,0.06%,-8.57亿,成交额,2,002747,埃斯顿,42.41元,+3.69%,30.04亿
净流出,22,BK1237,自动化设备,0.06%,-8.57亿,成交额,3,688017,绿的谐波,390.86元,+1.24%,23.30亿
净流出,22,BK1237,自动化设备,0.06%,-8.57亿,涨幅,1,688255,凯尔达,26.62元,+11.15%,1.99亿
净流出,22,BK1237,自动化设备,0.06%,-8.57亿,涨幅,2,300083,创世纪,12.46元,+7.41%,12.38亿
净流出,22,BK1237,自动化设备,0.06%,-8.57亿,涨幅,3,301199,迈赫股份,20.22元,+6.98%,0.77亿
净流出,22,BK1237,自动化设备,0.06%,-8.57亿,涨幅,4,920211,新睿电子,157.20元,+6.94%,1.43亿
净流出,22,BK1237,自动化设备,0.06%,-8.57亿,涨幅,5,301512,智信精密,41.68元,+5.33%,0.37亿
净流出,23,BK0546,玻璃玻纤,-1.33%,-8.12亿,成交额,1,600176,中国巨石,50.09元,-5.49%,45.74亿
净流出,23,BK0546,玻璃玻纤,-1.33%,-8.12亿,成交额,2,301526,国际复材,35.98元,-2.76%,27.33亿
净流出,23,BK0546,玻璃玻纤,-1.33%,-8.12亿,成交额,3,002080,中材科技,63.20元,-6.54%,16.08亿
净流出,23,BK0546,玻璃玻纤,-1.33%,-8.12亿,涨幅,1,600819,耀皮玻璃,5.15元,+1.98%,0.26亿
净流出,23,BK0546,玻璃玻纤,-1.33%,-8.12亿,涨幅,2,601112,振石股份,15.63元,+1.36%,0.36亿
净流出,23,BK0546,玻璃玻纤,-1.33%,-8.12亿,涨幅,3,600876,凯盛新能,6.68元,+0.91%,0.09亿
净流出,23,BK0546,玻璃玻纤,-1.33%,-8.12亿,涨幅,4,002613,北玻股份,3.23元,+0.00%,0.36亿
净流出,23,BK0546,玻璃玻纤,-1.33%,-8.12亿,涨幅,5,002201,九鼎新材,8.08元,-0.12%,0.50亿
净流出,24,BK1208,建筑材料,0.42%,-7.99亿,成交额,1,600176,中国巨石,50.09元,-5.49%,45.74亿
净流出,24,BK1208,建筑材料,0.42%,-7.99亿,成交额,2,301526,国际复材,35.98元,-2.76%,27.33亿
净流出,24,BK1208,建筑材料,0.42%,-7.99亿,成交额,3,002080,中材科技,63.20元,-6.54%,16.08亿
净流出,24,BK1208,建筑材料,0.42%,-7.99亿,涨幅,1,603038,华立股份,15.25元,+5.76%,0.64亿
净流出,24,BK1208,建筑材料,0.42%,-7.99亿,涨幅,2,002043,兔 宝 宝,12.00元,+5.36%,1.05亿
净流出,24,BK1208,建筑材料,0.42%,-7.99亿,涨幅,3,603737,三棵树,23.92元,+4.55%,1.63亿
净流出,24,BK1208,建筑材料,0.42%,-7.99亿,涨幅,4,002785,万里石,39.45元,+4.45%,1.83亿
净流出,24,BK1208,建筑材料,0.42%,-7.99亿,涨幅,5,000786,北新建材,18.32元,+3.21%,1.71亿
净流出,25,BK1462,玻纤制造,-2.55%,-7.87亿,成交额,1,600176,中国巨石,50.08元,-5.51%,45.74亿
净流出,25,BK1462,玻纤制造,-2.55%,-7.87亿,成交额,2,301526,国际复材,35.99元,-2.73%,27.33亿
净流出,25,BK1462,玻纤制造,-2.55%,-7.87亿,成交额,3,002080,中材科技,63.20元,-6.54%,16.08亿
净流出,25,BK1462,玻纤制造,-2.55%,-7.87亿,涨幅,1,601112,振石股份,15.63元,+1.36%,0.36亿
净流出,25,BK1462,玻纤制造,-2.55%,-7.87亿,涨幅,2,002201,九鼎新材,8.08元,-0.12%,0.50亿
净流出,25,BK1462,玻纤制造,-2.55%,-7.87亿,涨幅,3,603256,宏和科技,185.60元,-2.42%,15.35亿
净流出,25,BK1462,玻纤制造,-2.55%,-7.87亿,涨幅,4,301526,国际复材,35.99元,-2.73%,27.33亿
净流出,25,BK1462,玻纤制造,-2.55%,-7.87亿,涨幅,5,300196,长海股份,18.94元,-2.77%,1.39亿
净流出,26,BK0478,有色金属,0.17%,-7.85亿,成交额,1,601899,紫金矿业,29.54元,+2.46%,39.32亿
净流出,26,BK0478,有色金属,0.17%,-7.85亿,成交额,2,603993,洛阳钼业,18.38元,+2.62%,25.87亿
净流出,26,BK0478,有色金属,0.17%,-7.85亿,成交额,3,000807,云铝股份,25.84元,-1.00%,16.52亿
净流出,26,BK0478,有色金属,0.17%,-7.85亿,涨幅,1,600490,鹏欣资源,6.28元,+6.80%,1.84亿
净流出,26,BK0478,有色金属,0.17%,-7.85亿,涨幅,2,600988,赤峰黄金,35.47元,+6.20%,12.96亿
净流出,26,BK0478,有色金属,0.17%,-7.85亿,涨幅,3,603979,金诚信,67.96元,+5.33%,4.41亿
净流出,26,BK0478,有色金属,0.17%,-7.85亿,涨幅,4,601020,华钰矿业,19.73元,+4.84%,2.86亿
净流出,26,BK0478,有色金属,0.17%,-7.85亿,涨幅,5,601168,西部矿业,34.37元,+3.59%,11.65亿
净流出,27,BK1033,电池,-0.14%,-7.66亿,成交额,1,300750,宁德时代,373.60元,+0.16%,40.68亿
净流出,27,BK1033,电池,-0.14%,-7.66亿,成交额,2,301217,铜冠铜箔,130.30元,+2.28%,25.02亿
净流出,27,BK1033,电池,-0.14%,-7.66亿,成交额,3,300438,鹏辉能源,64.34元,-6.77%,14.32亿
净流出,27,BK1033,电池,-0.14%,-7.66亿,涨幅,1,688353,华盛锂电,90.13元,+6.89%,5.24亿
净流出,27,BK1033,电池,-0.14%,-7.66亿,涨幅,2,688772,珠海冠宇,15.98元,+3.77%,2.89亿
净流出,27,BK1033,电池,-0.14%,-7.66亿,涨幅,3,300530,领湃科技,16.32元,+3.03%,0.19亿
净流出,27,BK1033,电池,-0.14%,-7.66亿,涨幅,4,688638,誉辰智能,29.98元,+2.81%,0.07亿
净流出,27,BK1033,电池,-0.14%,-7.66亿,涨幅,5,000695,滨海能源,12.12元,+2.80%,0.49亿
净流出,28,BK1409,激光设备,-1.77%,-7.06亿,成交额,1,000988,华工科技,135.20元,-6.89%,50.51亿
净流出,28,BK1409,激光设备,-1.77%,-7.06亿,成交额,2,002008,大族激光,111.99元,-2.07%,21.11亿
净流出,28,BK1409,激光设备,-1.77%,-7.06亿,成交额,3,688025,杰普特,389.00元,-4.43%,7.33亿
净流出,28,BK1409,激光设备,-1.77%,-7.06亿,涨幅,1,300220,金运激光,10.18元,+1.70%,0.14亿
净流出,28,BK1409,激光设备,-1.77%,-7.06亿,涨幅,2,300227,光韵达,9.11元,+0.00%,0.61亿
净流出,28,BK1409,激光设备,-1.77%,-7.06亿,涨幅,3,688170,德龙激光,59.30元,-0.40%,1.18亿
净流出,28,BK1409,激光设备,-1.77%,-7.06亿,涨幅,4,300747,锐科激光,35.37元,-0.65%,3.19亿
净流出,28,BK1409,激光设备,-1.77%,-7.06亿,涨幅,5,688646,ST逸飞,69.49元,-0.73%,0.19亿
净流出,29,BK0475,银行Ⅱ,-0.34%,-6.54亿,成交额,1,600036,招商银行,37.80元,+0.11%,14.74亿
净流出,29,BK0475,银行Ⅱ,-0.34%,-6.54亿,成交额,2,601398,工商银行,7.46元,-0.67%,14.32亿
净流出,29,BK0475,银行Ⅱ,-0.34%,-6.54亿,成交额,3,601288,农业银行,6.28元,-1.41%,12.56亿
净流出,29,BK0475,银行Ⅱ,-0.34%,-6.54亿,涨幅,1,600016,民生银行,3.48元,+0.29%,5.28亿
净流出,29,BK0475,银行Ⅱ,-0.34%,-6.54亿,涨幅,2,601009,南京银行,11.24元,+0.27%,2.33亿
净流出,29,BK0475,银行Ⅱ,-0.34%,-6.54亿,涨幅,3,603323,苏农银行,4.24元,+0.24%,0.70亿
净流出,29,BK0475,银行Ⅱ,-0.34%,-6.54亿,涨幅,4,600036,招商银行,37.80元,+0.11%,14.74亿
净流出,29,BK0475,银行Ⅱ,-0.34%,-6.54亿,涨幅,5,601916,浙商银行,2.86元,+0.00%,1.86亿
净流出,30,BK1283,银行,-0.34%,-6.54亿,成交额,1,600036,招商银行,37.80元,+0.11%,14.75亿
净流出,30,BK1283,银行,-0.34%,-6.54亿,成交额,2,601398,工商银行,7.46元,-0.67%,14.32亿
净流出,30,BK1283,银行,-0.34%,-6.54亿,成交额,3,601288,农业银行,6.28元,-1.41%,12.56亿
净流出,30,BK1283,银行,-0.34%,-6.54亿,涨幅,1,600016,民生银行,3.49元,+0.58%,5.28亿
净流出,30,BK1283,银行,-0.34%,-6.54亿,涨幅,2,601009,南京银行,11.25元,+0.36%,2.33亿
净流出,30,BK1283,银行,-0.34%,-6.54亿,涨幅,3,603323,苏农银行,4.24元,+0.24%,0.70亿
净流出,30,BK1283,银行,-0.34%,-6.54亿,涨幅,4,600036,招商银行,37.80元,+0.11%,14.75亿
净流出,30,BK1283,银行,-0.34%,-6.54亿,涨幅,5,002966,苏州银行,7.91元,+0.00%,1.51亿
